,Title,Location,Security,Garage,Concierge,Price,City,Currency,Nmbr of rooms,Nmbr of pieces,Nmbr of bathrooms,Newness,Surface
0,Appartement avec vue mer depuis toutes les pièces,Centre,0,0,0,2200000,Tanger,DH,2,3,2,Bon état,95
1,"Studio de 43m² en vente, Résidence Panama",Malabata,1,0,0,602000,Tanger,DH,1,1,1,Nouveau,43
2,Appartement de 94m² en vente Résidence Al Bahja,Tanja Balia,0,0,0,694575,Tanger,DH,3,4,2,Nouveau,94
3,Appartement avec terrasse et vue mer,De La,0,0,0,2750000,Tanger,DH,2,3,2,Bon état,129
4,Magnifique duplex avec vue panoramique sur la baie,Centre,0,0,0,3400000,Tanger,DH,2,3,3,Bon état,223
5,Superbe appartement de 128m2 avec 3 chambres,Marchan,0,0,0,1900000,Tanger,DH,3,4,2,Bon état,128
6,"Appartement de 88m² en vente, Résidence Riad Zalga",Ahlane,0,0,0,580000,Tanger,DH,2,4,1,Nouveau,70
7,Appartement en vente à Ennasr. Surface totale 100 m². Terrasse et ascenseur,Ennasr,0,0,0,1000000,Tanger,DH,2,5,2,Bon état,100
8,Joli appartement en vente à BAYT SAHAFA,Marjane,0,0,0,780000,Tanger,DH,2,3,1,Nouveau,73
9,Appartements moyens standing a vendre,Mesnana,0,0,0,550000,Tanger,DH,2,3,1,Nouveau,66
10,Appartement moyen standing,Tanja Balia,0,0,0,403000,Tanger,DH,2,3,1,Nouveau,58
11,Vente Appartement Tanger BOULEVARD Ref: VA335,Centre,0,0,0,1240000,Tanger,DH,2,3,1,Bon état,72
12,"Studio de 45m² en vente, Résidence Panama",Malabata,1,0,0,630000,Tanger,DH,1,1,1,Nouveau,45
13,APPARTEMENT 190 m2 de 4 chambres au Boulvard,Administratif,0,0,0,11000,Tanger,DH,4,10,3,À rénover,190
14,Ne pas rater votre appartement  duplex à vendre,Route Nationale,0,0,0,1496000,Tanger,DH,3,8,2,Nouveau,136
15,Appartement Vide à La Vente Nejma Tanger,Centre,0,0,0,2450000,Tanger,DH,2,3,1,Bon état,144
16,Appartement de Luxe à La Vente Corniche Tanger,De La,0,0,0,2000000,Tanger,DH,2,3,2,Nouveau,105
17,Appartement à La Vente La wilaya Tanger,Administratif,0,0,1,1220000,Tanger,DH,2,3,1,Bon état,90
18,Appartement avecTerrasse à Vendre Mojahidin Tanger,Moujahidine,0,0,0,2960000,Tanger,DH,5,6,2,Bon état,257
19,Appart F4 de 96 m2 prés de Patisserie Paris,Centre,0,0,0,950000,Tanger,DH,3,4,2,Bon état,97
20,Appart F3 rénové en vente à Kawacim,Du Golf,0,0,0,580000,Tanger,DH,2,3,1,Bon état,54
21,Neuf appart F3 de 163m2 vue sur mer,Manar,0,0,0,3000000,Tanger,DH,2,3,2,Nouveau,163
22,Résidence kawacim (2 ch  salon ),Du Golf,0,0,0,550000,Tanger,DH,2,3,1,Bon état,99
23,Magnifique Appartement à vendre à Lotinord,Marjane,0,0,0,1250000,Tanger,DH,3,4,1,Bon état,100
24,"Appartement et Duplex à Vendre, Déclaration 100%: VA11",Route Nationale,0,0,0,1564000,Tanger,DH,3,6,3,Nouveau,136
25,Exclusif: appartement au centre a vendre,Centre,0,0,0,700000,Tanger,DH,2,3,1,Bon état,71
26,Bel appartement haut standing A vendre: AV15,Centre,0,0,0,2280000,Tanger,DH,3,6,2,Nouveau,120
27,"Studio de 50m² en vente, Résidence Panama",Malabata,1,0,0,700000,Tanger,DH,1,1,1,Nouveau,50
28,Appartement moderne dans le quartier de Malabata,Centre,0,0,0,2332000,Tanger,DH,2,5,2,Bon état,146
29,Magnifique Riad traditionnel,Médina,0,0,0,7725000,Tanger,DH,8,14,1,Bon état,300
30,Grand appartement de 3 chambres,Centre,0,0,0,1500000,Tanger,DH,3,5,1,Bon état,117
31,Un appartement de 160 mètres carrés dans le centre,Mozart,0,0,0,1526400,Tanger,DH,3,5,1,Bon état,160
32,Un magnifique appartement de style colonial,Médina,0,0,0,1550000,Tanger,DH,3,5,1,Bon état,144
33,Appartement de 115m2 avec un grand potentiel,Mozart,0,0,0,1097100,Tanger,DH,3,5,1,Bon état,115
34,Appartement à l'achat à De La Plage. 2 chambres. Double vitrage et chauffage central,De La,0,0,0,1890000,Tanger,DH,2,3,2,Nouveau,105
35,"Studio de 51m² en vente, Résidence Panama",Malabata,1,0,0,714000,Tanger,DH,1,1,1,Nouveau,51
36,"Appartement au RDC de 64m² en vente, Vistalia",Tanja Balia,0,0,0,518400,Tanger,DH,2,3,1,Nouveau,64
37,Appartement de luxe a vendre: VA16,Iberie,0,0,0,3850000,Tanger,DH,3,7,3,Nouveau,175
38,Luxe appartement haute standing a tanger iberia,De La,0,0,0,1800000,Tanger,DH,2,3,2,Nouveau,180
39,Superbe appartement à vendre en Centre. 2 belles chambres,Centre,0,0,0,1200000,Tanger,DH,2,5,1,Bon état,96
40,Appartement de 138m2 en vente à l'ancien Medina,Médina,0,0,0,980000,Tanger,DH,2,4,1,Bon état,138
41,"Vente Appartement moderne, centre ville tanger",Mozart,0,0,0,1054000,Tanger,DH,2,6,1,Nouveau,62
42,Duplex 3 chambres près de l'école Berchet,Administratif,0,0,0,1800000,Tanger,DH,3,5,2,Bon état,136
43,Magnifique appartement pour vente,Administratif,0,0,0,1980000,Tanger,DH,3,4,2,Bon état,147
44,Appartement de 70m² en vente Résidence Al Bahja,Tanja Balia,0,0,0,479500,Tanger,DH,2,3,2,Nouveau,70
45,Appartement de 67m² en vente Résidence Al Bahja,Tanja Balia,0,0,0,458950,Tanger,DH,2,3,2,Nouveau,67
46,Appartement de 62m² en vente Résidence Al Bahja,Tanja Balia,0,0,0,449500,Tanger,DH,2,3,2,Nouveau,62
47,Appartement de 80m² en vente Résidence Al Bahja,Tanja Balia,0,0,0,588000,Tanger,DH,2,3,2,Nouveau,80
48,Appartement de 82m² en vente Résidence Al Bahja,Tanja Balia,0,0,0,602700,Tanger,DH,2,3,2,Nouveau,82
49,Appartement Vue Mer À Vendre À Tanger,De La,0,0,0,4200000,Tanger,DH,3,4,3,Bon état,217
50,Appartement à l'achat à Tanger City Center. 3 belles chambres. Ascenseur et terrasse.,Tanger City,0,0,0,1150000,Tanger,DH,3,4,2,Bon état,90
51,Appartement Traversant À Vendre À California,Californie,0,0,0,3000000,Tanger,DH,4,6,3,Bon état,250
52,Appartement Avec Terrasse À Vendre À Iberia,Iberie,0,0,0,950000,Tanger,DH,2,3,2,Bon état,88
53,Appartement de 140m² en vente Ali Building,De La,0,0,0,2380000,Tanger,DH,3,4,2,Nouveau,140
54,Superbe appartement à vendre à Moulay Youssef,Administratif,0,0,0,1130000,Tanger,DH,2,3,1,Bon état,99
55,Magnifique appart de 4 chambres en vente à Marchan,Marchan,0,0,0,3500000,Tanger,DH,4,6,2,Nouveau,183
56,"Studio de 57m² en vente, Résidence Panama",Malabata,1,0,0,798000,Tanger,DH,1,1,1,Nouveau,57
57,Bel appartement à vendre à Zone Industrielle Mghogha. Surface de 78 m². Bien meublé,Zone Industrielle,0,0,0,550000,Tanger,DH,2,3,1,Bon état,78
58,Appartement neuf 3 chambres tanger,Mesnana,0,0,0,1128000,Tanger,DH,3,4,2,Nouveau,112
59,Appartement neuf 3 chambres tanger ville,Mesnana,0,0,0,1279000,Tanger,DH,3,4,2,Nouveau,127
60,Appartment neuf tanger ville 3 chambres,Mesnana,0,0,0,1122000,Tanger,DH,3,4,2,Nouveau,111
61,Appartements moyens standing tanger albalia,Tanja Balia,1,0,0,468900,Tanger,DH,2,3,1,Nouveau,58
62,A vendre cet Appartement Tanger balia,Tanja Balia,0,0,0,250000,Tanger,DH,2,3,1,Nouveau,53
63,Appartement Neuf 3 chambres livraison immediate,Mesnana,0,0,0,900000,Tanger,DH,3,4,2,Nouveau,100
64,Appartement moyen standing 2 chambres,Mesnana,0,0,0,721000,Tanger,DH,2,3,1,Nouveau,80
65,Appartement de 5 chambres et salon avec une vue panoramique,Californie,0,0,0,2950000,Tanger,DH,5,7,3,Bon état,225
66,Retrait avec Terrasse à La Vente Nejma Tanger,Centre,0,0,0,3860000,Tanger,DH,5,6,2,Bon état,327
67,Vente Appartement 129 m² CAP TINGIS Tanger,Malabata,0,0,0,3000000,Tanger,DH,2,3,2,Bon état,129
68,Vente Appartement 60 m² TANJA BALIA Tanger Ref: VG332,Tanja Balia,0,0,0,250000,Tanger,DH,2,3,1,Nouveau,55
69,Appartement haut standing au centre ville,Centre,0,0,0,1450000,Tanger,DH,3,5,2,Nouveau,110
70,"Appartement au RDC de 58m² en vente, Vistalia",Tanja Balia,0,0,0,469800,Tanger,DH,1,2,1,Nouveau,58
71,"Studio de 53m² en vente, Résidence Panama",Malabata,1,0,0,742000,Tanger,DH,1,1,1,Nouveau,53
72,Bel appartement à vendre en plein centre ville,Administratif,0,0,0,980000,Tanger,DH,2,4,1,Bon état,98
73,Bel appartement prestigieux à vendre:,Du Golf,0,0,0,4800000,Tanger,DH,4,8,4,Nouveau,240
74,Appartement A Vendre Vue Sur Mer – Malabata – Tan,De La,0,0,0,2650000,Tanger,DH,2,3,1,Bon état,108
75,Appartement Vide à La Vente Corniche Tanger,De La,0,0,0,2420000,Tanger,DH,3,4,2,Bon état,110
76,Acheter votre appart maintenant,Moujahidine,0,0,0,630000,Tanger,DH,2,3,1,Nouveau,64
77,Appart 3 chambres a vendre,Casabarata,0,0,0,1200000,Tanger,DH,3,4,2,Bon état,131
78,Appart Moderne a 2chambres a vendre,Marjane,0,0,0,560000,Tanger,DH,2,3,1,Nouveau,65
79,Appart au 2eme étages a vendre a hay hassani,Hay Hassani,0,0,0,550000,Tanger,DH,3,4,1,Bon état,95
80,Appart neuf a 2 chambres et Terasse a vendre,Moujahidine,0,0,0,620000,Tanger,DH,2,3,2,Nouveau,85
81,Appartement lumineux à 100 m de la plage,Tanger City,0,0,0,1400000,Tanger,DH,2,3,1,Bon état,97
82,Appartement de 125m² en vente Ali Building,De La,0,0,0,2250000,Tanger,DH,3,4,2,Nouveau,125
83,Bel appartement à vendre el ghandouri malabata tanger,Malabata,0,0,0,1270000,Tanger,DH,3,4,2,Nouveau,94
84,Appart avec terasse et 3 chambres salon a vendre,Moujahidine,0,0,0,1150000,Tanger,DH,3,4,2,Bon état,146
85,Complexe aida village,Moujahidine,0,0,0,1300000,Tanger,DH,3,4,2,Bon état,137
86,Magnifique Appartement de reve a vendre,Moujahidine,0,0,0,850000,Tanger,DH,3,4,2,Bon état,95
87,"Studio de 37m² en vente, Résidence Panama",Malabata,1,0,0,518000,Tanger,DH,1,1,1,Nouveau,37
88,Votre appartement de rêve,Iberie,0,0,0,2650000,Tanger,DH,3,5,3,Bon état,175
89,Appartement en vente en Centre. 2 chambres. Double vitrage et porte blindée,Centre,0,0,0,1700000,Tanger,DH,2,3,2,Nouveau,100
90,Appartement à l'achat à Bel Air Val fleuri. 3 grandes pièces. Avec ascenseur et terrasse,Bel Air,0,0,0,650000,Tanger,DH,2,3,1,Bon état,79
91,"Appartement en vente à De La Plage. 3 grandes pièces. Salon traditionnel, antenne parabolique générale",De La,0,0,0,1240000,Tanger,DH,2,3,1,Bon état,80
92,Bel appartement a place Mozart,Mozart,0,0,0,1450000,Tanger,DH,2,4,2,Bon état,116
93,Vente appartement,Centre,0,0,0,1420000,Tanger,DH,3,8,2,Bon état,164
94,A vendre magnifique appartement F4,Branes,0,0,0,880000,Tanger,DH,3,4,2,Nouveau,88
95,Studio de 39 M2 sur la corniche à Vendre,Centre,0,0,0,600000,Tanger,DH,1,2,1,Bon état,39
96,Appartement Vue Imprenable Sur Mer à Vendre Malaba,De La,0,0,0,2220000,Tanger,DH,3,5,2,Bon état,165
97,Appartement haut standing,Branes,0,0,0,700000,Tanger,DH,2,4,1,Bon état,85
98,Magnifique appartement en vente à Marchane,Marchan,0,0,0,2900000,Tanger,DH,3,5,2,Nouveau,175
99,Appartement de 133m² en vente à Moulay Ismail,Centre,0,0,0,1263500,Tanger,DH,3,4,1,Bon état,133
100,Appartement de 129m² en vente à Av Mly Ismail,Centre,0,0,0,1225500,Tanger,DH,3,5,1,Bon état,129
101,Appartement de 107m² en vente à Val Fleuri,Centre,0,0,0,1200000,Tanger,DH,2,3,1,Bon état,107
102,Appartement en vente à Castilla,Centre,0,0,0,1100000,Tanger,DH,2,3,1,Bon état,94
103,Appartement de 120m² en vente à Av Mly Ismail,Centre,0,0,0,1140000,Tanger,DH,3,5,1,Bon état,120
104,Duplex de 150m² en vente à place mozart,Centre,0,0,0,2150000,Tanger,DH,3,4,2,Nouveau,150
105,Appartement de 97m² en vente à Mojamma El Hassani,Hay Hassani,0,0,0,620000,Tanger,DH,2,3,1,Bon état,97
106,"Appartement a vendre à Marjane, Tanger",Laaouina,0,0,0,710000,Tanger,DH,2,4,2,Bon état,104
107,"Studio de 56m² en vente, Résidence Panama",Malabata,1,0,0,784000,Tanger,DH,1,1,1,Nouveau,56
108,"Studio de 54m² en vente, Résidence Panama",Malabata,1,0,0,756000,Tanger,DH,1,1,1,Nouveau,54
109,"Studio de 38m² en vente, Résidence Panama",Malabata,1,0,0,532000,Tanger,DH,1,1,1,Nouveau,38
110,Appartement a vendre rue moulay ismail,Centre,0,0,0,1290000,Tanger,DH,3,1,2,Bon état,101
111,Quartier Boubana LAQB 403,Jbel Kbir,0,0,0,20000,Tanger,DH,4,2,4,Nouveau,240
112,Appartement A Vendre Vue Sur Mer – Malabata – Tan,De La,0,0,0,2550000,Tanger,DH,2,3,1,Bon état,85
113,"Haut standing Appartements à vendre sur Tanger,",Tanger City,0,0,0,1200000,Tanger,DH,2,2,1,Nouveau,68
114,Joli Appart F3 de 63m2 en vente à Malabata,Malabata,0,0,0,950000,Tanger,DH,2,3,1,Bon état,63
115,Bel appart F4 en vente à Mozart,Mozart,1,0,0,1300000,Tanger,DH,3,4,1,Bon état,117
116,Quartier Iberie VAQI 429,Iberie,0,0,0,3059000,Tanger,DH,2,2,2,Nouveau,176
117,Quartier AHLAN VIQA 428,Marjane,0,0,0,4700000,Tanger,DH,4,4,3,Nouveau,150
118,Quartier Iberie VAQI 428,Iberie,0,0,0,3192000,Tanger,DH,3,4,2,Nouveau,183
119,Appart neuf a 2 chambres a vendre,Marjane,0,0,0,560000,Tanger,DH,2,3,1,Nouveau,65
120,Appart a Val Fleuri A vendre avec 2 chambres,Hay Hassani,0,0,0,550000,Tanger,DH,3,4,1,Bon état,95
121,Vend appartement à Mozart. Surface de 50 m². Meublé.,Mozart,0,0,0,560000,Tanger,DH,2,3,1,Bon état,50
122,Bel appartement à vendre proche de la mer et du ce,Tanja Balia,0,0,0,380000,Tanger,DH,2,3,1,Nouveau,56
123,Magnifique Appartement À Vendre À Centre ville,Centre,0,0,0,2241000,Tanger,DH,3,5,2,Nouveau,166
124,Appartement Neuf À Vendre Prés La Corniche,Mozart,0,0,0,1100000,Tanger,DH,3,4,2,Nouveau,85
125,Appartement Avec Terrasse À Vendre À Iberia,Iberie,0,0,0,4300000,Tanger,DH,3,4,3,Nouveau,259
126,Appartement Double Façade Sans Vis À Vis,Hay El,0,0,0,1320000,Tanger,DH,2,4,2,Bon état,97
127,Appartement 4 chambres à vendre à Tanger centre,Administratif,0,0,0,2158000,Tanger,DH,4,5,3,Nouveau,166
128,Appartement À Vendre Prés Mcdo Malabata,Tanger City,0,0,0,1350000,Tanger,DH,2,4,2,Bon état,97
129,Appartement Sans Vis À Vis À Vendre À Iberia,Iberie,0,0,0,2600000,Tanger,DH,3,5,3,Bon état,175
130,Apparemment à vendredi à tanger,Marjane,0,0,0,995000,Tanger,DH,2,2,2,Bon état,120
131,Appartement face Mer,De La,0,0,0,2650000,Tanger,DH,2,3,2,Bon état,90
132,Appartement en vente à SouaniSurface totale 116 m²,Mister Khouch,0,0,0,750000,Tanger,DH,3,6,2,Nouveau,116
133,Appartement De Luxe En Vente À Iberia,Iberie,0,0,0,3850000,Tanger,DH,3,4,3,Nouveau,175
134,Appartement Au Retrait À Vendre À Iberia Tanger,Iberie,0,0,0,1400000,Tanger,DH,2,3,2,Bon état,130
135,Appartement De Luxe à VENDRE À Malabata Hills,Malabata,0,0,0,2210000,Tanger,DH,3,4,2,Nouveau,130
136,Appartement À Vendre À Malabata Hills,Malabata,0,0,0,1632000,Tanger,DH,2,3,2,Nouveau,96
137,Magnifique Appartement À Vendre À Marchan Tanger,Ain El,0,0,0,2480000,Tanger,DH,3,4,3,Nouveau,155
138,Apparemment a vendre marjane route de rabat,Marjane,0,0,0,995000,Tanger,DH,2,2,2,Bon état,120
139,Quartier Iberie VAQI 427,Iberie,0,0,0,2907000,Tanger,DH,3,4,1,Bon état,153
140,Quartier MALABATA VAQM 426,De La,0,0,0,880000,Tanger,DH,1,1,1,Nouveau,55
141,Quartier MALABATA VAQM 425,De La,0,0,0,1343000,Tanger,DH,2,2,2,Nouveau,79
142,Appartement meuble a vendre marjane,Marjane,0,0,0,650000,Tanger,DH,2,3,1,Bon état,75
143,Appartement à vendre prés Maison de Presse,Mesnana,0,0,0,850000,Tanger,DH,2,3,2,Bon état,85
144,Superbe appartement à vendre à Marjane. 3 grandes pièces. Service de concierge et climatisation.,Marjane,0,0,0,1300000,Tanger,DH,3,3,2,Bon état,144
145,Grand appartement 104m,Jirrari,1,0,0,730000,Tanger,DH,3,3,2,Nouveau,104
146,Spacieux Appartement à vendre à sahat oumam,Centre,0,0,0,2100000,Tanger,DH,3,5,2,Bon état,336
147,Appartement moderne à la Wilaya en vente,Administratif,0,0,0,1300000,Tanger,DH,2,3,2,Bon état,103
148,Appartement a vendre avec un prix de reve a Aida,Moujahidine,0,0,0,750000,Tanger,DH,2,3,2,Bon état,85
149,Un grand Appart neuf A vendre a Aida village,Moujahidine,0,0,0,1300000,Tanger,DH,3,4,2,Nouveau,137
150,Appart avec terasse et 3 chambres salon a vendre,Moujahidine,0,0,0,1150000,Tanger,DH,3,4,2,Bon état,146
151,Appart neuf a 2 chambres et Terasse a vendre,Moujahidine,0,0,0,620000,Tanger,DH,2,3,2,Nouveau,85
152,Appartement moderne en vente à la Wilaya,Administratif,0,0,0,1200000,Tanger,DH,2,3,2,Bon état,90
153,Appart au 4eme etages a vendre a hay hassani,Hay Hassani,0,0,0,550000,Tanger,DH,3,4,1,Bon état,95
154,Magnifique appartement a vendre moujahidine,Moujahidine,0,0,0,620000,Tanger,DH,2,1,1,Bon état,63
155,Appartement,T a,0,0,0,3500000,Tanger,DH,3,5,3,Nouveau,180
156,Appart totalement rénové à malabata pour la vente,Centre,0,0,0,1750000,Tanger,DH,3,4,1,Bon état,119
157,Appartement vue sur mer à Vendre Malabata,Malabata,0,0,0,1930000,Tanger,DH,2,3,2,Bon état,96
158,Appartement de haut standing,Iberie,0,0,0,2250000,Tanger,DH,2,3,2,Nouveau,96
159,Appartement neuf en plein centre,Tanger City,0,0,0,1290000,Tanger,DH,2,3,2,Nouveau,76
160,Appartement neuf en vente,Tanger City,0,0,0,680000,Tanger,DH,1,2,1,Nouveau,45
161,Le luxe ultime à proximité de la mer,De La,0,0,0,1900000,Tanger,DH,2,3,3,Nouveau,90
162,Duplex au centre de la ville à côté de la plage,Mozart,0,0,0,2600000,Tanger,DH,3,5,3,Nouveau,154
163,Appartement Bureau a vendre a Aida Village,Moujahidine,0,0,0,850000,Tanger,DH,2,3,1,Bon état,90
164,Appart neuf a 2 chambres et Terasse a vendre,Moujahidine,0,0,0,620000,Tanger,DH,2,3,2,Nouveau,85
165,Appartement au 2eme etages a vendre a hay hassani,Hay Hassani,0,0,0,550000,Tanger,DH,3,4,1,Bon état,95
166,Appart bureau au 1er etages,Casabarata,0,0,0,450000,Tanger,DH,1,2,1,Bon état,50
167,Appart bureau 2 chambres a vendre,Casabarata,0,0,0,650000,Tanger,DH,2,3,1,Bon état,70
168,Appart neuf a vendre a aida village,Moujahidine,0,0,0,630000,Tanger,DH,2,3,1,Nouveau,64
169,Bel appartement F3 à vendre en plein centre Tanger,Centre,0,0,0,2150000,Tanger,DH,2,3,1,Bon état,100
170,Bel appartement F4 en vente à Tanger,Administratif,0,0,0,1500000,Tanger,DH,3,4,2,Bon état,156
171,Bel appartement familial en plein centre ville,Centre,0,0,0,2100000,Tanger,DH,4,5,3,Bon état,178
172,Appartement à vendre,Branes,0,0,0,1100000,Tanger,DH,3,4,1,Bon état,143
173,Meublé/Bien aménagé Appt à Vendre Sur La Corniche,Malabata,0,0,0,2200000,Tanger,DH,2,2,2,Bon état,120
174,Appartement Familiale avec Terrasse à Vendre Corniche Tanger,De La,0,0,0,5750000,Tanger,DH,5,5,2,Bon état,250
175,Appartement en vente quartier ahlan 92m2,Marjane,0,0,0,77000,Tanger,UR,3,4,1,Nouveau,92
176,Appartement de Luxe à La Vente Corniche Tanger,De La,1,0,0,2440000,Tanger,DH,2,3,2,Nouveau,128
177,A vendre bel appartement de haut standing,Iberie,0,0,0,4000000,Tanger,DH,3,4,2,Bon état,184
178,Appartement spacieux proche des écoles françaises,Administratif,0,0,0,1690000,Tanger,DH,3,5,1,À rénover,145
179,Superbe appartement avec vue mer et garage,Centre,0,0,0,1900000,Tanger,DH,2,3,2,Bon état,92
180,Très bel appartement à gzenaya,Boukhalef,0,0,0,750000,Tanger,DH,2,3,1,Bon état,94
181,Bel appartement à vendre avec Terrasse à Tanger,Branes Kdima,0,0,0,1200000,Tanger,DH,2,3,1,Bon état,113
182,Appartement luxueux avec vue sur mer,Centre,0,0,0,2200000,Tanger,DH,2,3,2,Bon état,100
183,Appartement F3 à vendre dans une résidence à Tanger,Moujahidine,0,0,0,360000,Tanger,DH,2,3,1,Bon état,64
184,Penthouse au centre de tanger,Tanger City,0,0,0,3500000,Tanger,DH,3,6,3,Nouveau,250
185,Appart 3 chambres a vendre,Casabarata,0,0,0,1200000,Tanger,DH,3,4,2,Bon état,131
186,Magnifique appartement à vendre prés corniche TANGER,Mozart,0,0,0,2000000,Tanger,DH,3,4,2,Bon état,150
187,Bel appartement à vendre à el ghandouri Malabata tanger,Malabata,0,0,0,1080000,Tanger,DH,2,3,1,Nouveau,80
188,Vente d’un bel appartement à malabata dans un complexe avec piscine,Malabata,0,0,0,2960000,Tanger,DH,3,4,2,Bon état,140
189,Superbe appartement à vendre à Mozart. 3 grandes pièces. Télévision,Mozart,0,0,0,1250000,Tanger,DH,3,4,1,Bon état,85
190,"Vend appartement à Aida. 1 chambre. Salon Marocain, sécurité.",Aida,0,0,0,340000,Tanger,DH,1,1,1,Nouveau,34
191,Appart F3 résidentiel en vente de 116m2 à Pasadena,Centre,1,0,0,1420000,Tanger,DH,2,3,2,Bon état,116
192,Retrait 135m2 avec térasse en vente,Administratif,1,0,0,1250000,Tanger,DH,2,3,2,Bon état,135
193,Appartement à vendre au quartier Administratif Tanger,Administratif,0,0,0,950000,Tanger,DH,2,3,2,Bon état,101
194,Appartement à Vendre Place Mozart Tanger,Mozart,0,0,0,1580000,Tanger,DH,2,4,2,Nouveau,106
195,Appartement Vide à Vendre Route de Rabat Tanger,Centre,0,0,0,1250000,Tanger,DH,2,4,2,Nouveau,99
196,Appartement Vide à Vendre Mozart,Mozart,0,0,0,1450000,Tanger,DH,2,4,2,Bon état,79
197,Appartement A Vendre Centre Ville Tanger,Centre,0,0,0,1700000,Tanger,DH,3,6,3,Bon état,137
198,Appartement Très Spacieux à Vendre Wilaya Tanger,Centre,0,0,0,3300000,Tanger,DH,3,6,2,Bon état,336
199,Appartement De Luxe à La Vente – Iberia – Tanger,Iberie,0,0,0,2810000,Tanger,DH,3,5,2,Nouveau,146
200,Appartement A Vendre – Place Mozart – Tanger,Mozart,0,0,0,2300000,Tanger,DH,3,5,2,Nouveau,111
201,Bureau Vide à Vendre Place Mozart,Mozart,0,0,0,700000,Tanger,DH,1,3,1,Bon état,41
202,Appartement Vide à Vendre vue mer Malabata Tanger,De La,0,0,0,1380000,Tanger,DH,2,4,1,Bon état,76
203,Appartement Vide A Vendre Centre ville Tanger,Centre,0,0,0,1450000,Tanger,DH,2,4,2,Nouveau,195
204,Appartement A Vendre Vue Sur Mer Tanger,Centre,0,0,0,1550000,Tanger,DH,2,4,2,Bon état,87
205,Appartement Vide à Vendre – Iberia – Tanger,Iberie,0,0,0,3500000,Tanger,DH,3,4,2,Bon état,170
206,Appartement à La Vente Avec Terrasse – Tanger,Centre,0,0,0,2000000,Tanger,DH,2,3,2,Nouveau,100
207,Duplex Vue Imprenable Sur Mer à Vendre Malabata,De La,0,0,0,3200000,Tanger,DH,3,5,2,Bon état,314
208,Appartement A Vendre – Malabata – Tanger,De La,0,0,0,2400000,Tanger,DH,2,3,1,Bon état,95
209,Appartement A la Vente – Vue Sur Mer – Tanger,De La,0,0,0,3200000,Tanger,DH,4,7,3,Bon état,154
210,Appartement vide à vendre – centre ville – tanger,Centre,0,0,0,1250000,Tanger,DH,2,3,2,Bon état,100
211,Grand Appartement Vide A Vendre – Marina – Tanger,Centre,0,0,0,2600000,Tanger,DH,3,5,2,Bon état,187
212,Appartement à Vendre avec terrasse Gare TGV,Centre,0,0,0,2680000,Tanger,DH,3,5,2,Bon état,180
213,Appartement Vide A Vendre – Nejma – Tanger,Centre,0,0,0,3600000,Tanger,DH,4,8,4,Bon état,325
214,Appartement 2 chambre Tanger Irfan 2 50m2,Boukhalef,0,0,0,290000,Tanger,DH,3,5,1,Bon état,50
215,Opportunité à ne pas rater,Msala,0,0,0,1120000,Tanger,DH,2,6,2,Bon état,90
216,Appartement Neuf à La Vente Place Mozart Tanger,Centre,0,0,1,2040000,Tanger,DH,3,4,1,Bon état,120
217,Retrait avec Terrasse à La Vente La corniche Tanger,De La,0,0,1,2150000,Tanger,DH,2,3,1,Bon état,226
218,Appartement meublé a vendre,Du Golf,0,0,0,440000,Tanger,DH,2,3,1,Bon état,57
219,Superbe appartement retrait a restaurer,Charf,0,0,0,5360000,Tanger,DH,7,5,4,À rénover,670
220,Appartement retrait vue mer,Iberie,0,0,0,3800800,Tanger,DH,4,6,2,À rénover,450
221,Tres beau appartement dernier etage avec terrasses,Charf,0,0,0,3600000,Tanger,DH,4,7,3,Bon état,450
222,Appartement à côté de l'hôtel hilton et la plage,Tanger City,1,0,0,800000,Tanger,DH,1,2,1,Nouveau,60
223,Appartement a vendre j'aimais habiter,Achakar,0,0,0,3100000,Tanger,DH,2,8,2,Nouveau,175
224,Vente Appartement a Tanger Balia,Tanja Balia,0,0,0,890000,Tanger,DH,3,4,2,Nouveau,103
225,Appartement à vendre à Mesnana. 2 pièces. Cuisine bien équipée,Mesnana,0,0,0,620000,Tanger,DH,3,4,2,Bon état,94
226,Des magnifiques appartements au centre,Mozart,0,0,0,13500,Tanger,DH,3,4,2,Nouveau,118
227,Des appartements haut game au plien centre,Castilla,0,0,0,12500,Tanger,DH,2,3,2,Nouveau,88
228,Des magnifiques appartements au coeur de Tanger,Castilla,0,0,0,840000,Tanger,DH,2,3,2,Nouveau,70
229,Des appartements de lux au centre de ville,Centre,0,0,0,13000,Tanger,DH,2,3,2,Nouveau,70
230,Vente d'un bel appartement à El Majd. 2 chambres agréables.,El Majd,0,0,0,490000,Tanger,DH,2,2,1,Nouveau,75
231,Appartement de Luxe Meublé à Vendre vue Mer Tange,Manar,0,0,0,2800000,Tanger,DH,2,4,2,Bon état,120
232,Appartement 95m2,Hay Hassani,1,0,0,550000,Tanger,DH,4,1,1,Bon état,95
233,Appartement Vide à La Vente Centre Ville Tanger,Centre,0,0,1,1190000,Tanger,DH,3,4,1,Bon état,95
234,Appartement Vide à Vendre Satfillage Tanger,Moujahidine,0,0,0,650000,Tanger,DH,2,2,1,Bon état,78
235,Appartement de 191m² en vente complexe Assalam,Castilla,0,0,0,1719000,Tanger,DH,2,4,2,Nouveau,191
236,Appartement de 213m² en vente complexe Assalam,Castilla,0,0,0,1917000,Tanger,DH,3,4,2,Nouveau,213
237,"Vente Appartement 134 m² CAP TiNGIS, Tanger VA324",Malabata,0,0,0,3000000,Tanger,DH,2,3,2,Nouveau,134
238,"Vente Appartement 200 m² PLA MOZART, Tanger Ref: VA288",Centre,0,0,0,2600000,Tanger,DH,3,4,2,Nouveau,200
239,Appartement a vendre a tanger,Tanja Balia,0,0,0,390000,Tanger,DH,2,3,1,Nouveau,50
240,Appartement vue sur mer en vente à malabata,Malabata,0,0,0,2250000,Tanger,DH,2,4,2,Bon état,146
241,Vente d'un bel appartement à Bella Vista. Surface totale 199 m². Fenêtres avec double vitrage et porte blindée,De La,0,0,0,4000000,Tanger,DH,4,6,3,Nouveau,199
242,Bel appartement à vendre dans un complexe avec piscine à achakar tanger,Achakar,0,0,0,820000,Tanger,DH,2,3,1,Nouveau,70
243,Appartement à mozart pour vente,Centre,0,0,0,1300000,Tanger,DH,2,3,2,Bon état,99
244,Appartement de 177m² en vente complexe Assalam,Castilla,0,0,0,1593000,Tanger,DH,3,4,2,Nouveau,177
245,Appartement de 175m² en vente complexe Assalam,Castilla,0,0,0,1575000,Tanger,DH,3,4,2,Nouveau,175
246,Appartements de luxe avec finition moderne à malabata,Malabata,0,0,0,1493500,Tanger,DH,2,3,2,Nouveau,103
247,Belle appartement de 103m² en Vente à Tanja balia,Tanja Balia,0,0,0,1050000,Tanger,DH,2,3,2,Nouveau,103
248,Appartement de 133m² en Vente à place mozart,Mozart,0,0,0,1650000,Tanger,DH,3,3,2,Bon état,133
249,Appartement de 180m² en vente complexe Assalam,Castilla,0,0,0,1620000,Tanger,DH,3,4,2,Nouveau,180
250,Appartement de 112m² en vente Ali Building,De La,0,0,0,1680000,Tanger,DH,2,3,1,Nouveau,112
251,Vente d'un bel appartement à Administratif. 3 chambres. Antenne parabolique et Porte blindée.,Administratif,0,0,0,13300,Tanger,DH,3,4,2,Nouveau,97
252,Magnifique appartement avec vue sur le port de plaisance de Tanger,Centre,1,0,0,2180000,Tanger,DH,2,4,2,Bon état,130
253,Appartement Vide à La Vente Iberia Tanger,Iberie,0,0,1,2850000,Tanger,DH,3,4,2,Bon état,190
254,Appartement proche de la mer,De La,0,0,0,1665000,Tanger,DH,3,4,3,Bon état,111
255,Appartement vue sur mer à Malabata,Malabata,0,0,0,2600000,Tanger,DH,2,3,2,Bon état,89
256,Appartement a vendre Résidence Cap Tingis. M'nar,Manar,1,0,0,2300000,Tanger,DH,2,3,2,Bon état,126
257,Appartement 80m à Moujahidine,Moujahidine,0,0,0,680000,Tanger,DH,3,3,1,Bon état,80
258,Appartement avec Terrasse à Vendre Boulevard Tange,Centre,0,0,0,2900000,Tanger,DH,3,4,2,Bon état,215
259,Bel appart a vendre 135 m2 a cote de pizza hut,De La,0,0,0,1675000,Tanger,DH,3,4,1,Bon état,134
260,Appartement haut standing la Plage Tanger,De La,0,0,0,2720000,Tanger,DH,3,2,2,Bon état,160
261,Appartement haut standing à vendre à IBERIA,Iberie,0,0,0,4200000,Tanger,DH,4,5,3,Nouveau,200
262,"Appartement 103m², haut standing Castilla",Castilla,0,0,0,1050500,Tanger,DH,2,4,2,Bon état,103
263,Appartement lumineux à MOZART,Mozart,1,0,0,1600000,Tanger,DH,2,3,2,Bon état,107
264,Appartement à vendre en face de Marina,De La,0,0,0,2300000,Tanger,DH,3,5,2,Bon état,191
265,Appartement à vendre,Iberie,0,0,0,1600000,Tanger,DH,2,4,2,Bon état,110
266,Appartement à vendre,Branes 2,0,0,0,1300000,Tanger,DH,2,3,2,Bon état,90
267,Appartement 4 chambres au place des nations,Centre,0,0,0,1670000,Tanger,DH,4,6,3,Bon état,167
268,Bel appartement nickel au Bd Mly Youssef,Centre,0,0,0,1438500,Tanger,DH,3,5,2,Bon état,137
269,Appartement neuf avec des baies vitrées,Centre,0,0,0,1630000,Tanger,DH,3,5,2,Nouveau,101
270,Appartement 4 chambres haut stand neuf,Administratif,0,0,0,2158000,Tanger,DH,4,6,2,Nouveau,166
271,Bel appartement à 2 pas de Marjane route de Rabat,Marjane,0,0,0,690000,Tanger,DH,2,4,1,Bon état,73
272,Appartement neuf au Bd Mohamed 5,Centre,0,0,0,1474000,Tanger,DH,3,5,2,Nouveau,134
273,Appartement de luxe avec terrasse vue dégagée,Moujahidine,0,0,0,3000000,Tanger,DH,4,5,3,Bon état,257
274,"Appartement 123m², vue dégagée",Administratif,0,0,0,1350000,Tanger,DH,3,4,2,Bon état,123
275,Grand appartement au prix interessant,Centre,0,0,0,1250000,Tanger,DH,3,5,2,Bon état,129
276,Grand appartement à iberia vue dégagée,Iberie,0,0,0,2625000,Tanger,DH,3,5,3,Bon état,175
277,Appartement avec terrasse à IBERIA,Iberie,0,0,0,4300000,Tanger,DH,3,6,3,Bon état,259
278,Appartement luxueux avec terrasse vue sur mer,De La,0,0,0,4200000,Tanger,DH,3,4,3,Bon état,217
279,Magnifique appartement meublé à vendre à tanger malabata,Tanger City,0,0,0,720000,Tanger,DH,1,2,1,Bon état,55
280,Appartement à tanger balia,Tanja Balia,0,0,0,1100000,Tanger,DH,3,4,2,Nouveau,82
281,Appartement neuf à vendre,Du Golf,0,0,0,950000,Tanger,DH,3,7,2,Nouveau,95
282,Appartement de 93m² en vente Ali Building,De La,0,0,0,1534500,Tanger,DH,3,4,2,Nouveau,93
283,Résidence Malabata Pearl,Malabata,0,0,0,1730000,Tanger,DH,3,5,2,Nouveau,108
284,Appartement neuf en vente,Tanger City,0,0,0,1335000,Tanger,DH,2,3,2,Nouveau,79
285,Appartement a vendre,Mesnana,0,0,0,450000,Tanger,DH,2,5,1,Nouveau,56
286,Spacieux appartement en vente au centre ville,Administratif,0,0,0,1090000,Tanger,DH,3,3,1,Bon état,153
287,Appartement à la vente,Malabata,0,1,0,2900000,Tanger,DH,2,4,1,Bon état,125
288,Appt front mer a vendre,De La,0,0,0,6500000,Tanger,DH,3,4,2,Nouveau,150
289,Appartement a vendre tanger vue mer surface 156 m,De La,0,0,0,2500000,Tanger,DH,3,4,2,Nouveau,156
290,Vente appartement tanger city center,Centre,0,0,0,1575000,Tanger,DH,2,3,2,Nouveau,75
291,Appartement à l'achat à gueznaya surface 115m²,Gourziana,0,0,0,713000,Tanger,DH,2,3,2,Nouveau,115
292,Appartement duplex,Mozart,0,0,0,1500000,Tanger,DH,2,3,2,Nouveau,100
293,Appartements et duplex en vente sur Tanger,Tanja Balia,0,0,0,649800,Tanger,DH,1,2,1,Nouveau,58
294,Appartement A Vendre Vue Sur Mer – Tanger,Centre,0,0,0,1300000,Tanger,DH,1,3,2,Bon état,90
295,Appartement avec Terrasse à Vendre Malabata Tanger,Malabata,0,0,0,2700000,Tanger,DH,2,2,2,Bon état,148
296,Appartement Vide à La Vente Centre Ville Tange,Centre,0,0,1,1080000,Tanger,DH,3,4,1,Bon état,86
297,Bel appartement à vendre à Boukhalef. 1 belle chambre. Sécurisé 24/24.,Boukhalef,1,0,0,5700000,Tanger,DH,1,1,1,Bon état,45
298,Luxe appartement de 70m² neuf a malabata,Sania,0,0,0,1120000,Tanger,DH,2,3,1,Nouveau,70
299,Luxe appartement de 108m² neuf a malabata,Sania,0,0,0,1650000,Tanger,DH,3,4,2,Nouveau,108
300,Appartement à vendre à malabata tanger,Tanger City,0,0,0,1650000,Tanger,DH,3,5,2,Bon état,165
301,Bel appartement zone castilla,Castilla,0,0,0,1864000,Tanger,DH,4,7,2,Bon état,233
302,Appartement propre 104m,Jirrari,1,0,0,740000,Tanger,DH,3,3,2,Bon état,104
303,Bel appartement à Aswak salam. 2 chambres et salon. Balcon buanderie DÉCLARATION TOTALE,Marjane,0,0,0,650000,Tanger,DH,2,3,1,Nouveau,82
304,Les jardins de Mesnana golf tanger,Du Golf,0,0,0,550000,Tanger,DH,2,4,2,Nouveau,61
305,Vistalia Tanja Balia a Tanger,Centre,0,0,0,408000,Tanger,DH,2,2,2,Nouveau,52
306,Résidence Bahja rapport qualité a Tanger,De La,0,0,0,397300,Tanger,DH,3,3,1,Nouveau,58
307,Appartement en vendre a Tanger,Cap Spartel,0,0,0,1600000,Tanger,DH,3,5,3,Nouveau,106
308,"Vend appartement vue sur mer 1ère ligne en face de la Marina. 3 chambres agréables. Salon traditionnel marocain, résidence sécurisée",Centre,0,0,0,1800000,Tanger,DH,3,4,1,Bon état,115
309,Quartier PLAYA LAQP 406,De La,0,0,0,8000,Tanger,DH,2,3,1,Bon état,134
310,"Appartement de 62m² en vente, Résidence Riad Zalga",Ahlane,0,0,0,530000,Tanger,DH,2,3,1,Nouveau,67
311,Appartement a vendre residence de prestige,Du Golf,0,0,0,5400000,Tanger,DH,4,6,3,Nouveau,244
312,Retrait en vente à El Haj Kadoor,Branes 2,0,0,0,1040000,Tanger,DH,3,4,1,Bon état,160
313,Appartement à Kawasem pour la vente,Mesnana,0,0,0,480000,Tanger,DH,2,3,1,Bon état,60
314,Quartier Marchan VAQM 397,Marchan,0,0,0,945000,Tanger,DH,1,1,1,Nouveau,98
315,Appartement non meuble en vente a malabata,Tanger City,0,0,0,998000,Tanger,DH,2,3,1,Bon état,83
316,Appartement à vendre Iberia 3 chambres,Iberie,0,0,0,2560000,Tanger,DH,3,4,2,Bon état,160
317,Magnifique appartement complexe touristique,Centre,0,0,0,2500000,Tanger,DH,3,4,2,À rénover,120
318,Appartement a vendre quartier de la plage,De La,0,0,0,1579500,Tanger,DH,3,4,1,Nouveau,117
319,Vend appartement à Tanja Balia. 3 grandes pièces.,Tanja Balia,0,0,0,870000,Tanger,DH,2,3,2,Nouveau,103
320,Appartements neufs 1 et 2 chambres à Tanger,Tanja Balia,0,0,0,643800,Tanger,DH,2,3,1,Nouveau,74
321,Luxueux appart F4 neuf 190m2 en vente,Sania,0,0,0,3850000,Tanger,DH,3,4,3,Nouveau,190
322,Appartement à La Vente Branes Tanger,Marjane,1,0,0,700000,Tanger,DH,2,3,1,Bon état,82
323,Appartement à La Vente Branes Tanger,Marjane,1,0,0,880000,Tanger,DH,2,3,1,Bon état,84
324,Magnifique appartement à vendre à route de rabat,Castilla,0,0,0,1090000,Tanger,DH,2,4,2,Bon état,104
325,Vente d'un bel appartement à De La Plage. Surface de 80 m². Terrasse et ascenseur,De La,0,0,0,960000,Tanger,DH,2,3,1,Nouveau,80
326,Appartements neufs à côté city club route de Rabat,Marjane,1,0,0,410000,Tanger,DH,2,3,1,Nouveau,58
327,Appartement meublé neuf à côté city club route de Rabat immeuble 12 appartements,Marjane,0,0,0,470000,Tanger,DH,2,3,1,Nouveau,70
328,Appartements neufs tanja balia lotissement dans la rue balcon/cuisine èquipèe,Tanja Balia,0,0,0,450000,Tanger,DH,2,3,1,Nouveau,61
329,Appartement à l'achat à gueznaya surface 100m,Gourziana,0,0,0,600000,Tanger,DH,2,3,2,Nouveau,100
330,Quartier Administratif VAQC 415,Administratif,0,0,0,1710000,Tanger,DH,3,1,2,Nouveau,180
331,Appartement tout près de l'école berchet,Administratif,0,0,0,1215000,Tanger,DH,2,3,1,Bon état,90
332,Quartier Administratif VAQA 413,Administratif,0,0,0,2380000,Tanger,DH,3,5,1,Bon état,170
333,Superbe appartement à vendre à Zemmouri. 2 chambres agréables,Zemmouri,0,0,0,500000,Tanger,DH,2,3,1,Nouveau,91
334,Bel appartement,Zemmouri,0,0,0,1320000,Tanger,DH,3,4,2,Bon état,150
335,Appartement F5à vendre au centre ville de Tanger,Administratif,0,0,0,1300000,Tanger,DH,4,5,2,Bon état,160
336,Appartement Vide à La Vente Route de Rabat Tanger,Marjane,1,0,0,715000,Tanger,DH,2,3,1,Bon état,95
337,Appartement Vide à La Vente Nejma Tanger,Centre,1,0,0,1940000,Tanger,DH,2,2,1,Bon état,114
338,Appartement Ahlen,Ahlane,0,0,0,800000,Tanger,DH,2,3,1,Bon état,70
339,Vend appartement à Aharrarine. Surface totale 75 m². Jardin et ascenseur.,Aharrarine,0,0,0,460000,Tanger,DH,2,3,1,Bon état,75
340,Appart moyen standing 83 m2 a vendre,Route Nationale,0,0,0,750000,Tanger,DH,2,4,1,Bon état,83
341,"Appartement de 66m² en vente, Résidence Riad Zalga",Ahlane,0,0,0,580000,Tanger,DH,2,3,1,Nouveau,69
342,Appartement 101m² au quartier administratif,Administratif,0,0,0,950000,Tanger,DH,2,3,2,Bon état,101
343,Appartement neuf dans une résidence avec piscine,Tanja Balia,0,0,0,840000,Tanger,DH,2,3,2,Nouveau,76
344,Appartement Vide à La Vente Centre Ville Tanger,Centre,0,0,0,1240000,Tanger,DH,2,2,2,Bon état,99
345,Appartement a vendre,Marjane,0,0,0,600000,Tanger,DH,3,6,1,Bon état,78
346,Aprt 85m²/ 3 ch Résid Meskellil proche Marjane Rt Rabat,Ahlane,0,0,0,660000,Tanger,DH,3,4,1,Bon état,85
347,Appartement avec une vue panoramique,Centre,0,0,0,15900000,Tanger,DH,3,4,2,Nouveau,113
348,Titre disponible,Hay Hassani,0,0,0,600000,Tanger,DH,3,4,1,Bon état,73
349,Appartement à vendre,Mesnana,0,0,0,600000,Tanger,DH,3,4,1,Bon état,82
350,Appartement Vide à La Vente Route de Rabat Tanger,Marjane,0,0,0,1430000,Tanger,DH,3,4,1,Bon état,106
351,Appartement à La Vente Route de rabat Tanger,Marjane,0,0,1,815000,Tanger,DH,2,3,1,Bon état,75
352,Appartement meublé coeur centre ville,Centre,0,0,0,1100000,Tanger,DH,3,6,2,Bon état,105
353,Appart Bayti Sakane 61 m2 rénové et ensoleillé,Hay Hassani,0,0,0,450000,Tanger,DH,2,3,1,Nouveau,61
354,"Superbe appartement à vendre à Mesnana. 3 belles chambres. Salon typique marocain, résidence sécurisée",Mesnana,0,0,0,1550000,Tanger,DH,3,5,2,Bon état,105
355,Appartement Meublé à Vendre – Vue mer – Tanger,Centre,0,0,0,1750000,Tanger,DH,2,4,2,Bon état,100
356,Appartement Vide à La Vente Route Rabat Tanger,Marjane,0,0,1,1030000,Tanger,DH,3,4,2,Bon état,137
357,Appartement en vente à Les Rosiers. 2 belles chambres. Sécurisé 24/24,Les Rosiers,1,0,0,270000,Tanger,DH,2,3,1,À rénover,50
358,Branes 1 - Appartement  à vendre - 97m2,Branes,0,0,0,850000,Tanger,DH,2,3,1,Bon état,97
